user_id,is_active
1a186d08-0a48-4982-8d28-870f45f6c717,True
809e810d-b1a1-49bb-94ef-46ab7114c23b,True
896903be-e02e-4e8b-b81f-097bfd9bb93d,True
dbfa22bf-34a5-4e50-880f-e08d3b45f2ed,True
bc6a4c92-dfe1-4c82-b628-80396b6d1a46,True
9bb215ae-2a23-4eb7-86c3-3b61c111a8bd,True
ac32e839-40a8-4fba-a791-28d007643054,True
4c1f031f-e020-4ddd-b88a-2d4d4d952e45,True
b47a5aab-fbc7-4430-9a37-dd885390a9f9,True
12605cb1-da16-4a5e-9e36-7ba7dfce4da4,True
a48417f3-b6fe-49be-b000-8c822ea4ce2b,True
19548c4a-b087-4929-b693-54724143ff93,True
5316ec28-7508-4a0c-83d4-40df3378e917,True
56b7360b-23ad-4581-b0ef-30db1997108f,True
037e85c5-ae3d-4703-83de-2aa5b714ea93,True
2ba7c350-ba5d-4862-a6a4-90379de311ab,False
1cdf0f95-f048-4297-863a-0e215795602f,True
2da31602-d6e9-438c-88ab-f74954cc8ec1,True
23cbd292-7341-49bb-b576-ace9ec84f5e3,True
8a7e4f01-1117-41a1-8a85-04b56770121c,True
c7468a56-93a7-4ed3-9433-87253e7ee5d9,True
3cf74b84-e7c3-450f-9f01-c101aa9c0e40,True
3a6b6373-689b-4036-8dcc-1d9e3529f04f,True
12aa4986-9aee-41f3-85b8-2fe4dd0083bd,True
e2fc12b6-915d-44b8-b6cf-14b500c739ba,True
4e0b23d5-3028-45b1-bd97-498de647abef,False
53e907b4-4060-4558-86d9-df36b4b90e89,True
6cfec0c5-00ee-4b9d-8e9c-cc500b3ccce2,True
5d2d5f8a-3e4e-4e49-b2ba-88ef31451996,True
376ff5ad-9a68-47a6-84b4-c887ef3c70de,True
5d618386-51ce-4e85-b6b5-78c1115ea691,True
c1c0eb9f-ddce-4341-9274-e798699e12d7,False
6c10745b-1c6c-47f6-b078-340b8727f859,True
fd18a395-46ce-4bf2-a772-d98f420ad474,True
17136b58-6d3f-4978-ab2b-633f4c5aa2ed,True
bb7bf137-3f8f-45e9-9f57-f9bf8cb629ff,True
f1df968d-3ac3-49f6-94ea-f180d648e980,True
637deab6-d665-447b-b02c-0c8cb7e05edf,True
282c64dc-43ae-4115-b90a-4246fbcd3e7e,True
d5164d31-3a43-4a6f-9fe1-44116dfc66ce,True
8e7534b6-993a-442f-8f1c-4c2f2a20452b,True
9fc37ea6-8bb1-4239-aa5c-1afb756880a3,True
cef7d818-5423-4159-b5ae-7d3c0cb531fc,True
3f13416c-aa17-4d2f-9bbe-714da4815263,True
e9458f2a-0913-4bac-bf00-87dd863e7fe0,True
97fc2ee8-fdde-49d8-a59d-4b1c797b2793,False
eec06b90-5cf8-4ab5-8d2b-0d2cb0171c20,True
24cc7dcc-ae34-400a-a5d0-17c5d8d78759,True
6649b314-df24-4ac2-b435-5cab67ad5136,True
3111c915-f85f-4073-9fc0-9201e1fa637e,True
7e763822-5d9d-4393-9bf7-38c09b1bce02,False
00f166b0-6042-45f5-95dd-872df4d3eb8e,False
8021ed3b-d5be-402a-a737-eb2cd59009f1,True
3c643cbd-9796-41db-b3a6-31c6ad9f8c00,False
0078790f-e6b7-4890-b42b-faf0e96f6ca3,False
7a5b8ca2-6f99-43be-8f96-631d6d3e406e,True
cd6d1d50-89b8-4700-80e2-3f0250559124,True
a902f064-75bb-4754-9140-2ecabf163d14,True
8ea557d7-1a6f-402d-9fcb-3c83a643a39f,True
df95f9ec-6003-45ec-a761-7d56d0b1a53e,True
70b593ee-48ef-4c03-9e97-db7db10caefe,True
2bc8327b-ee08-4825-b2b0-5126b42d711e,True
5703d993-e65b-4344-a98a-e305bc45e880,True
dd339a52-c020-452d-8f51-4833dd71b642,True
3cffadfb-80f6-413d-acc9-694227f79530,True
54e47145-d99d-4032-9d43-30fd969f59a0,True
30666dfd-7442-4b8f-87ea-0987daa12fa2,True
2d12f035-fe61-4307-825c-c04a0c33b6bf,True
f48ea235-6a4c-44fe-aac0-4cc2cc9b85e7,True
f5444df9-9b3c-45ef-9f60-30e21348d614,True
06ed1312-f8f4-4860-b887-038e3b93ab20,False
cc606f34-461d-48e9-9c3b-5cb451853bcc,False
d517c6d7-864d-4f03-b590-ef53f1465909,True
f2a7cf9d-ebf9-4a5e-a63d-f280746398b2,True
a36aeb62-c9aa-4739-8bb2-4ccbbc3c8da2,True
b2bfde13-090a-401c-9f90-c9ebfa374092,True
a05d62d8-6e55-4603-9575-8c18477d5de4,False
db0e9595-0226-42a0-b9b5-43d18c436e94,True
be8f9dbe-5dae-46d7-b168-adf0515bd33a,True
76046e1f-f9ff-4a90-b332-4cf6f8793f20,True
2ea19b76-13ec-4a86-ac2c-efc08f1b5403,True
fa7a481a-0379-4691-bb3a-a229b2129e90,True
5d82d77c-8b9c-4a67-92b0-3181c7c73b08,True
f61d4ad2-6f77-4fd3-828a-8461386f3896,True
8774a112-e24f-4cca-acd0-2fdecb8cc8be,True
02517bc6-7958-4373-a096-e420792cdbe6,True
15280a62-8146-4f55-963e-59b21989cdc6,True
3ab1c38d-e875-4126-8139-fa02e83ece2b,True
1fda41ae-e75a-4128-8196-34899055775d,True
879dbff1-6525-4406-a08b-b31b42924616,True
6d7e31c4-aaf9-4301-9159-aa366260e892,True
bed12830-0526-46eb-8cc2-c46241c5d5fc,True
aa210a91-4f7b-4b82-a3fc-c15e7305b7fc,False
5045b535-42b4-4c85-a226-42d706b67e38,True
b6622d1a-f9c2-462d-8a65-c44fe9c38d61,True
38d4abf1-aac7-44cb-965a-0de34a257fd5,False
0c3fefbc-494c-4822-b41d-19a6b6aeed25,True
2e0d6e9e-af60-48b6-9ecd-620330a10858,True
c42d9614-6467-4d84-9784-aa88d6e13a75,True
a07b2f4f-95a1-442c-ad9a-0bcac1c0db8c,True
1abb3ac1-f4ac-4e44-9ebb-15421a556fed,False
7cea1737-8794-4af2-a2cd-37b3564fe9c9,True
43508b43-9b19-42a3-aa3a-61a46b58a426,True
12036aad-42f8-4afb-be56-b38e985cb74c,True
f6925dea-52c4-49a2-bf35-67ac35fd31cf,True
5fb29784-7fee-4cd4-bc64-e9e85889b539,False
6b4ce0a6-c5ea-42ff-9f63-7e96e96e3dcb,True
07b90339-db3f-40b8-94fc-82a204d316ae,True
483e73f2-b69a-4801-8dd7-345d8fce4f20,False
502937c0-c532-4b38-8b76-2dccc45d5e3e,True
041a1562-0c94-405e-93eb-35ea04552e33,False
93cd1dc6-0523-48f4-b02c-b201c4845fca,True
1594f678-15c3-48af-8e20-191e3eb77f50,True
faf9a042-121e-46a0-ac68-4f430c9f7dfe,True
cbf542e4-9d71-4636-8f04-d24b1437293a,True
c97a4e02-85c7-4375-8664-4ea81b4c98cf,True
bb08550e-d548-41b5-86f0-feba0034059c,True
667ea35a-a45e-4d50-9bed-34378b8ef10a,True
dc0caaa9-9329-4a10-bd83-0b6b589ed439,True
dbe61bd0-f3e6-4bfd-bcb7-791391d4efec,False
d2201995-9b49-46e7-b574-d74a6440909b,True
d58a87b1-857b-4c60-82cc-d737639dcae1,True
6c85b203-7d13-423d-8603-d3d8a549d241,False
5169aa0d-950c-4e1a-8741-8199cb2eb11d,True
d60e14ce-6805-42ae-83d4-1024292afaef,True
b7f5be4a-0666-4b69-9f0e-7dc38691e365,True
e44c83cc-bf8b-40d9-ada6-282c7e45c791,True
0ad0cac2-944b-4669-a6ed-55597a1cfe72,True
633e38db-42e4-4ef7-8fd1-632832431271,True
9eab723f-b8c3-4ae5-b5b3-d169850a8147,True
642bb4a8-392b-4bd2-bb42-6aa4a95f0ada,True
ae670e0e-cc49-4ad9-b4e5-f188e2163acd,True
72491a6c-b5d1-4e2b-8188-f1888b591117,True
7ef4b0d8-5729-4e51-b5ee-51941fcb8189,True
8c8a36d4-fa61-474f-b4a6-7b126c5034f6,True
ff0a25cf-c529-44b9-a6e9-8deb527be04c,True
52580ae9-2ed7-445d-aacf-ccf0d49cf1ab,True
f61aa703-ae9a-4b3c-bfdb-1bd03047543d,True
409e2dc7-8eda-4908-b472-44a13d7a378f,True
e960bc64-d08c-42f7-8865-14cb8881125f,True
6fbf5da3-e993-4caa-bade-30999f071c7a,True
2d248141-ae16-4422-8349-c82e0117dd3f,True
7c6df91f-dac6-4163-9955-bb9ced196ed0,True
d4fd204c-8dba-4736-839b-ba6b516a459a,True
b9b12ddb-060a-41ab-b208-254c894ec30f,True
1a89fe18-595c-4789-9190-ed655ea6da7e,True
136693e1-4c20-406f-8c89-0f0aa8cc20f4,True
ea067676-2eec-413d-9e2b-6fe47c431d24,True
bdc25465-cb72-4950-a14c-c214f3edb632,True
86cf45a4-5482-468b-9a22-7b92bd83d64d,True
3a4fee58-90c3-470c-8d68-5ef5cd678b87,True
7a4d20cf-edd2-4801-b2f4-2613cafb548d,False
6a674585-6679-4fa1-bc0c-5cdad6167a27,True
631ef00e-42e1-426f-a139-6b83b6ff72a3,True
d1904e80-6367-41ab-8f63-a359b88d418f,False
5a30813b-95d3-4608-8a6e-a3b3ec83119b,True
0eff9935-f09d-4614-9837-74235ff901c7,True
3aaaeda0-f284-4559-85a2-4e0e617d5e95,True
0de775bc-101f-444b-a408-9210460cd747,True
f95ad448-2874-4a29-a5ad-9a76b04a1f96,True
57dc5eac-1bb0-4cf3-8f81-083be6a7757c,True
5ce397fc-d86b-4d41-baff-2075620c97a5,True
37776f99-461a-4259-b8ab-ce4e3324b721,True
b2555587-474d-41ce-a163-49aee3b2c95c,True
d8089e88-cfff-4789-a5f1-462e5184d1b9,False
79529940-4b30-44a0-a7ae-40be1666ebd9,True
d0b7fbe5-e3f9-42e1-be27-53a3ceded159,True
1646d061-a9f0-49d0-92f8-7ead6663dc76,True
686d2814-1984-4ca4-904b-b4d01e187a61,True
53f7bd30-e2a9-4bf4-a88b-8e6c0c260b49,True
aee870ce-ffa9-4ebc-9c39-aee2d6f5ad87,True
6b013140-1263-4c95-8cfa-9827946df5a8,True
32da582c-3f55-4d32-a8e7-3506ee74c024,True
8c95409a-a30e-4673-ae4d-a914daf4d63c,True
3b81eae0-52d6-45d2-9854-edbb75f691b3,True
acf70a6f-2f56-49cc-968f-9683516c128d,True
3a53bdac-94d1-4191-95c4-e15349e6032b,False
755360f7-90c2-4942-a43f-8b338cec1981,True
7f69e99e-6b7a-46cb-b0dd-0f4e4eb3e493,True
78d787fa-107d-4645-af8e-a378f87cd72a,True
45432c33-9827-42bd-b646-508008aa47d7,False
2d22bcad-f46e-4961-a2e5-5648f5740d4a,True
83bd0170-7c2a-45dc-a1b8-b0a11beaadf7,True
e903b469-0bc0-49b3-abb0-e384e67d9eac,False
eb24a673-3720-4913-85e9-f17f2bb08c24,True
dbd9dfe6-ce24-4bcd-9b6e-f07504bb3e71,True
a685ad03-9247-4991-9a5b-77bf5fd0932d,True
0a7ecdb5-b880-4579-96f9-0a5f474a0b83,True
0ade066a-0bd6-437c-b64f-e3d0e73e367d,True
0dc15772-f033-4c36-8884-c40bdd3c6753,False
7268d622-dfb0-463a-90b3-a2b2d040e0a4,True
e259b5c6-4716-4134-8241-f21cd2361811,True
9a0b96ab-f533-4b9e-a49f-a6bbf2a960d4,True
21da7bae-5ffc-45a9-bbf5-29daca24d683,True
ee7793ad-f29e-48eb-83cb-9ee34172dc23,True
e97921c1-07d7-4b99-a2b3-25af0d05607d,True
831c14f4-6449-45bd-bd1c-beef65756399,True
67d935aa-351d-4fe8-935d-b81df7e48bb3,False
d2d79e5c-56fd-4536-8ec3-e57f516ec1b9,True
86595f0f-248c-49e3-bbbd-79235cc38cfe,True
5e0821e4-e9c3-4b66-bf1c-1e71aa73f617,True
a6c1fb93-58fe-416f-90fb-c970300338e5,True
2b155694-c52d-4926-a1e4-34cceab42614,True
66081047-09b1-47fe-a02f-97e6733d8302,True
de5cc31f-985d-4269-a0fc-11a87cd84000,True
214ba348-e3f8-49fc-8e03-2b6be0a27c14,True
84d9d627-d35f-472f-9bc1-1b20c772d5c9,True
c89bfaa7-b32a-48f3-ae8a-91f93a1c10ea,True
ba4300f0-7a21-4ad2-bafe-18eb5a420415,True
2349ff6a-3298-4c02-a3ea-0f57910bdd05,True
a54c876c-ff7d-4acb-b369-712cc24b163e,True
3c0a5cd3-d75c-4416-ade9-b78a700bbefa,False
cd721d42-a790-4bba-96bc-b421c47debdf,True
1e9b0532-041f-4a89-be70-646c140dc23d,True
7b4811f7-6123-4459-a32c-1ac13efa9518,True
fd08cc62-f921-47b8-bfc1-88cb38c65a3d,True
83526b12-e5ba-4d84-9e73-e2398e8750dd,True
833e6d06-1be6-45a7-af68-7b4576cd47fd,True
8ff1d257-4d1d-43c4-9414-fe3b9c5c63b8,True
bf80d6ff-821c-4889-baa5-89c1d4716f9b,True
c2a9b003-b303-4773-b81b-f7ddeb820d83,False
cd9ef6cb-fb8b-4616-8c4d-7a3beb9881e8,True
00321274-64c0-4c8a-a097-b836fb2c6a41,True
89bdcc92-a663-4daa-a673-fdb74f4d5797,True
2206be08-cd73-4088-aaf4-93dce8b7dade,True
cbbcb80e-2382-4d1e-85ac-2a6baeb78b94,True
9fa7c91e-d96c-4c54-920d-115b1d821535,True
42e86a43-d07e-4be1-b9fc-bcd660031688,True
cc348990-1550-4a86-8359-01058cb62ff3,True
c7273a89-4b65-4d5b-be50-20d7197fa719,False
1d5da6b2-1296-4c83-811a-67e54feaa118,True
282171f4-174f-47cc-8ed0-6759bc9f65e1,True
80edf063-94cb-473d-a5ba-df12d499bfe6,True
0537c5c5-23bc-4619-962a-1f2b77ea6952,True
7551fc55-7b90-4be2-9ec1-0e65b2fbc915,True
48d22944-c65b-4068-bf37-73bf34235d19,True
70018e72-6a95-412f-b268-54c7343683b1,True
3bae3dda-f970-496f-8715-510a15ea27c7,True
482be388-7f27-496b-a814-c1872e576b7a,True
0052d59e-1e5b-4694-86a1-197677923a0d,False
f5affe69-6439-4e7c-b33b-1c2799946308,True
3c2448d3-cd52-433c-a0bb-2f982cc437c8,True
59ebd678-d145-484f-9d76-870d6dbec9b8,True
ca133644-a016-4025-bd70-8cf2c3353b89,True
f3fec69c-0af6-408a-9f29-0da57def45cd,True
6be8e369-411c-43fa-af8c-c5e81a4bec16,True
82b82811-c128-4f71-9fda-dcfe679e45fb,True
120119f2-dd74-467f-afd6-f96b38297853,True
3b11dab8-2392-4d63-95eb-8b89d0ee9b9c,True
9cb8636b-0502-4ea8-9853-1a2390d8d268,True
0e0e321a-dbd3-46ea-9279-b8acf7dcd846,True
83f822d0-265a-4a3c-959f-5b05a309570e,True
dc05fadb-f62f-4385-bb9a-0aa29d769792,True
325890ba-4b67-4780-ac71-d62a5ebfe565,True
69fa362c-effa-4d20-aa51-49fe596c42b2,True
2d7a06e6-aea6-41c2-8ab9-5ab5e3fd3162,True
4492e89d-bf2d-4589-823f-b4c4f4398646,True
f72ff9a2-c84f-49da-9744-5eb247edce7b,False
e7bef88e-b6f9-48bb-b81d-6940d74fb1c8,True
bcf1c3f2-0efa-4285-964e-9f22c732907d,True
c7d819ec-e3f4-4479-b9ea-5f6ed98c0bda,True
b8182fd2-f470-40e4-bcdf-a693b7dac9cf,False
07499e04-c895-4be4-a846-dd516abca00f,True
d408975b-34e9-4f83-bf71-723f13df93a8,True
d7504fe8-abf7-4e69-abff-65098ee902e6,True
2d591740-7902-4e88-a5cb-1589869df1f8,True
db3109f2-5f28-4aea-bf21-b062d6e3738a,True
36f62d8f-7651-443c-9530-b7ed8bf6f115,True
cbb54ff1-ee38-4d1a-9a71-0ac8c84768c7,False
8ae4a7db-7bcc-4f2a-a057-05e765303630,True
c2c43203-7a84-42ee-8ca6-2b9b7e5632b8,True
2e1d3a37-613b-41c9-b627-567fa9872471,True
8d6eead3-f86f-48ff-b4e5-81de7cd37f20,True
dc42cf4a-6024-4bb8-8323-41292c087522,True
551c78aa-0906-4629-aaf5-cf800a5d50f1,True
6636eb27-0582-4b2d-bd47-f27d26c7d06e,True
caf75e8c-0a2f-4672-b621-e8a826447c91,True
9729f97d-6c87-4d51-b09c-29cec5f8bd0d,False
992dfb58-3f17-4403-8271-bd2bed9e0e70,False
49deaa2e-5c7e-4007-9a84-2f3ff7cab9fe,True
7c1dc042-68a8-4bee-a6b7-856ead2f7739,True
ecfc4da9-c8a2-4b3c-afcf-f89402f1da79,True
a547c2a0-f6b6-43ba-baaa-bf234fcd4d4b,True
49fb1d0f-a7a8-4863-95b5-4722f48949d0,True
a0d5e452-4037-43c3-bddc-9bc3a611b427,True
e4b26694-6287-446a-96e9-d2837095175e,True
044edd48-10eb-4d42-ac1a-a74d70d5d09f,True
e35a270b-2085-46a6-81cf-0691f4ed3d64,False
0dbacd01-f5d5-4e31-a0cb-2be4108b4343,True
ae41cccc-852a-4955-93de-92236f16ab8e,True
593dfcc5-b4d8-43c5-a90c-2ad5a5b5f9c6,True
cb2e1ab5-fbd9-413c-bfa1-f905b7dafca8,True
c67c1f37-dad8-413d-b3d2-22106973c8d7,True
51e9e6a7-b6e5-4769-9aca-728ce69db49e,True
b571a480-40ff-42af-87a0-921cfadafa28,True
bf84df43-3f94-4df4-a823-2605d90d58c7,True
7472ac6d-7e3e-4427-ad08-341776962e0a,True
a2056c4e-4bac-4d83-aaf7-842e7bb76771,True
5e47e6f8-dcc5-4268-8721-a5b829e760b7,True
d72cc240-7c3f-4dd0-9442-654824433a8b,True
8c71bd1c-9541-4c0c-8054-89aeb6cb2fdd,False
3a3341e9-aae1-4279-a364-bb22daec54b1,True
9beed5c2-8325-492a-93d5-634843ec78af,True
5f7a5f98-d905-4fc6-a1d0-5854ca2d858f,True
a844a667-9d42-410c-b5cf-a553e2f218d2,True
573c4fa5-5e28-456f-88c9-9fb00b70fc31,True
007f86e5-9ef7-41b6-b605-a2a17691d982,True
47f5fab5-bcfa-4087-b855-9b313f32a475,True
7f482a26-bcd5-4320-9734-058ce88c0d40,True
a1b6fe6e-29ee-4fe9-8586-53cc5a528f98,True
40cc5d2c-bf53-4794-8af8-a3cc1f14a615,True
10b8d0a7-a087-4289-9697-e99ed88da91d,True
6b929736-612e-4a54-abad-f0e64542bb07,True
c1fd7fa2-74a7-4abf-8712-20a30818fec9,False
4a2c6613-75e8-4389-9fa8-c08568ebc2cf,True
15725b8d-688e-423b-991a-97e793135ea6,True
4110a0f7-a409-4446-826e-ed259d8c2a52,True
da79db85-eed3-44b4-863c-750bc385d591,True
015138e2-8844-4f5f-aab1-36904e45e0db,True
842b371e-104e-402e-9b71-9a8d4ca73d88,True
4da060fa-4e8d-4644-903d-e1749dfae7ab,True
f178c2a2-a193-4db6-8a96-19ff071f919a,True
9945ef92-b636-4e4d-bded-2a6c480d580f,True
3e6f380d-38b3-475a-8771-7419696a2b6b,True
cfdd45d0-fead-4d8c-a084-e6466278b5d5,True
074b0002-ace1-4500-be3e-6997e3ca2362,True
e182d707-b3f6-4f10-8e81-a804f2e1cc24,True
51678602-a088-49b8-b928-7c74efc1e7fe,True
f672610b-91e5-4a53-8534-a37c4d930144,True
4e22e9d6-bab7-4db2-8b18-ea12c1c5b96c,True
4248e901-d5a5-485b-babf-ab8a256dd919,True
be5fc6bb-e0cc-4067-a7c4-61707f9f70bb,True
91daba92-b8c3-417a-98d8-2ca82516bbcf,True
d5c83d40-f336-4cc1-be45-9200f414a39c,True
8a0ff4ce-919a-40d0-9b97-108bed4a4124,True
b02f2245-a7f7-4d3e-b8a8-40bf3e42ae0e,True
b679d567-9524-4dd2-84a8-71fe29da5005,True
596d356d-6115-4c92-9f6f-05f56681f133,True
f0ae4aad-ae74-4bdf-9abe-577a7f87492e,True
4a7063f5-78a3-4046-bd85-b4df5a5fcd04,True
d8da946a-9ddf-4b6b-bb5d-52594fbafb46,True
c25831cb-b15a-418d-87fa-ef82cfb64a88,True
f05e75b3-ffb7-4174-b3c1-68efc1fdba92,True
363e0396-9cb9-43aa-a3c8-4c13571a1b3e,False
b04b5e58-c544-481a-a771-dcf608455a33,True
13f6a344-3672-49af-a67e-74cc6dfa65ba,False
fc3c5ee6-461f-43a5-86ad-0eec3a24c9cf,True
2ffee361-7324-4f12-979c-125202ca05b3,True
45cab850-5b9f-4ac3-a559-aa62dc06d114,False
74129ae7-5d71-47bf-bdd1-a78bc43ec20b,False
5219cde5-9d7f-4616-8906-025a85549253,False
d4340684-0c89-49cd-83b6-0ff708b55de0,False
6afdaac4-5f94-4f35-9ed7-fc879fda544d,True
9614b138-b69a-471f-8b1f-ad16470bc28c,False
d7034065-eb9b-4459-90e7-3eb2dce2f97b,False
68497c03-5e88-4abd-a2f8-7683131a3188,True
6ff5736e-4098-4ce8-a458-40a451d54f6d,True
b2dc5a00-afd1-4412-972e-b1824110e7a3,False
a71789c8-6df8-4489-9569-f24f5881e77a,False
235d0df7-e9a1-437e-b0e0-c7c12a8966cb,True
ab98ae90-8205-45a1-a2e7-ba3e7319a104,True
a85d548a-ed4c-42cb-b4bb-9fcd34268d19,True
d4855a51-e7dd-4e38-93d4-a8bec51e599a,True
f9f5d835-d725-4d6a-a88b-2f69c29611c1,True
5e3cfcfc-e551-42f5-b579-273274ed2e10,True
c36a95b2-10db-4660-a8fd-ed0426103721,True
5591cbd5-993f-404e-8612-41843c51a606,True
e6dbd8df-3918-4f81-b9e2-15e0077ce0da,True
6226933d-4324-45f4-b510-eba0e754bf96,True
330c4629-8438-498e-8e70-41268bdf3da0,True
48547588-6eed-4a81-8b26-48bcf3306f87,True
bd205082-1c72-4f44-b012-a54dfde2de51,True
6b7e7785-d5ac-491c-a592-15a076a45c48,True
97c5970b-01a2-45e3-a0c0-c13353ab5416,True
1cc9d45b-7099-494e-861a-34c0caab9bc9,True
11185eab-6ab3-4a80-9b19-156684d9dd40,True
264b900d-a75f-4ff5-a5ea-e7fa10ad39bb,True
03df9788-7dd8-44e2-b2bf-e6a906108f04,True
8d91cd00-4090-4475-a8da-a5f8f70d1600,True
10687aa5-6ca9-4c97-8bbe-cb12491ef0e4,False
b5bb555d-6f71-4627-8e73-efa02d7b8779,True
e9ce02d4-cf8b-400a-a2b5-b1fcd8270043,True
595e01b3-e84a-48ec-99a6-f929bb0b3f16,True
8ad2ca81-11ef-4672-8656-3ecdcb81cd4f,True
ac38cb5f-f4aa-4c2c-a4dd-e3abf19a62f5,True
fb4e1a73-f361-4510-98fe-2974c5625687,True
5f4d420e-b68e-44ac-8699-3df5505c1ee8,True
fbbbea39-abcd-4a0a-8ea1-460abd58c6e2,True
2628cbc4-c030-4370-abe1-761fc7b2a348,True
dc390595-1c01-4504-b312-fc4fa521cf7b,True
fd2fe1ed-fe97-4d58-8abe-65709c4ac697,True
459d1a31-1d3f-4905-8a18-565dd23647e6,True
022dddbe-a2c3-4979-bb51-80686597e645,True
10fe88cc-44b0-4430-8084-095d39ccbb3d,True
13a0e049-104e-4c22-be5f-8c305169416b,True
891780c6-5711-4c16-9118-a33e7398b4ca,True
7a47f388-03c3-4115-a8a4-db534095c98f,False
a5ebd345-cca5-4cd7-9493-73bec7c8a645,True
1b5e6ac8-1c72-4b2b-8f2b-e5e19be3c252,True
e6dc82ef-8f81-4110-8738-fcd8025c1083,True
0f1e2524-c5c8-4a38-9559-bc3fbe9084d3,True
ba7e2e3f-abaa-4386-ac06-920d3cd14663,True
e750cb3b-15f5-4987-93ab-84ae3a3a40ad,True
8b82a530-da22-4018-be38-c152f9903616,True
d8d4ce92-bc2f-4d16-ae39-dd5df1b1efd6,True
9e5c0c96-46ca-412b-b62a-37bd66e8065f,True
64474c61-d419-45eb-8b61-23f18a928246,False
2ae42bd7-8d13-4a68-96ff-9ebe2d4fcbd1,True
5b20f7de-3dd7-4f7f-923e-79c65eb3cd29,True
6c3b0c20-446a-44f8-8b7b-85db5ea9cbc6,True
aa3b987a-0e53-4ec5-9ebb-6da583c3f585,True
e9ca5654-20ff-4e3e-87d5-0153b87be883,True
d29d70d7-7bc7-4083-809a-d938b96f28ef,True
f04cb75f-733d-4a2a-b086-a60ee8c01b6d,True
083f124e-7f1e-44d5-8c0c-a33fdbfa3244,False
e0f3888e-6925-44b3-a710-9165643972fa,True
89b04847-e2a0-48fc-8768-5a436f240321,True
59ad002c-f0df-4a60-ae60-27ec90628231,True
17ecbb28-a89d-411c-8dc7-3247a06a745e,True
128827e4-773f-44ee-b27e-59952c8f7046,True
8e132eb4-820c-443a-ade3-42e8107056fe,True
153ae0d2-80ee-498e-8b9e-a0582a1cdf6a,True
67abdbd1-624f-437f-bf24-6f415c4ff821,True
27391c62-48e7-45d0-a840-8b20ba0e605a,True
ef291682-7663-44a0-a4a6-59da03d1b27f,True
5989c55d-c4f0-42fd-be07-1352b5b5ff49,True
2ebcf157-e810-4f93-b06f-158929d898b4,True
fc47512c-a4e5-40be-bc5c-3fbca8ce6335,False
ecce8947-e06f-4838-9af5-9ecef9fde7ef,True
601fd9d7-6781-41be-a788-1d990a35f2bf,True
654199b5-646a-4ec5-bba5-24b4861a8668,True
29144778-be54-45c5-b373-0f55591e8cfe,True
74c19f00-d276-435d-a4de-2bf472382ace,True
4c7628e5-14af-4726-922c-e37c18df0c69,False
d3dc544e-9fcc-4953-ae6d-46fa9402d71e,True
b5115a7f-f87d-4cbd-bf07-1c666666c07a,True
02ef78ca-9c1a-49ff-8c44-9e9997809886,True
a10fb1b2-da7c-45fc-8ffb-342b0a1ac182,True
6c4e8e55-e45b-40ca-9d7f-06b74145b6cc,True
626a0b3d-bb46-4d1e-a8a7-22de780ade73,True
7934c15b-a560-4152-8970-137657d23958,True
bc971c26-20cf-4e9e-8c6f-281718f95dc9,True
62f6fd6f-a3cf-4db6-a569-dfc3d51c0756,True
aef4a265-0843-4b98-89bb-b5f2deb73e9a,True
c0a5bb61-4dee-4c3c-b9ff-1ed347643344,True
eb0b2e04-4b8b-47ed-9401-7b7146a77d20,True
348d3a11-4414-44ae-bcc4-a0a161445066,True
22f5eb3d-b4b4-40b6-86b7-717d38dcceb7,True
7084c2c9-c7c9-48fb-b98e-ba093cc9fc05,True
efb483f1-b98c-4660-a9d9-e6071b320f12,True
cadaa1e9-6380-40a7-80db-9f949faa800e,False
25f41a9b-97b0-420d-adc3-dc7f5a6fc9c2,True
8859369f-f439-4c25-8536-721eec60b059,True
f7a36302-87ac-4920-9b9f-1c574f65525d,True
791ce083-2a8e-45b3-82f7-fbd3d8a5244b,True
2356a6a9-b1e8-4f47-966a-c49a5b803d6c,True
8742c6c7-cf1f-48cb-aa4a-4e43d773196c,True
f311f1dc-b087-4252-9996-ab3d0ac05036,True
55cef486-a72d-4a52-85d5-761b975c0626,True
3107573b-c526-4535-b727-ed8dd3843862,True
93602b07-e653-4991-9ade-47bb9ea7b0f4,True
78c499c8-bb94-42de-b51a-747bbfad27c7,True
163915d7-393b-446b-98de-3692dcab6aaa,True
7a256d8a-db34-4e09-8c23-baee1ca0adfd,True
6712e7fb-e84d-40e1-81ac-3aba09b2d335,True
791e4565-a56e-4433-b68a-907f08ee1597,True
60210c0f-ac13-4099-9054-33d5eff87fc3,True
0d452527-822a-4eca-a3d6-ab4ffe9a8f76,False
b9d1bb0b-878b-4dfd-8ab2-1b76e3897ad9,True
3f9e9995-4a05-4685-b166-26179d0f5682,True
6cff8051-9e0b-4a63-9570-21a62b7edb19,True
3c5e43f3-1b90-4bdc-b9a7-aa55d28b0d74,True
93476950-7f74-4df0-8134-7045ee7fd574,False
59d8c6bc-ad49-4703-8610-ffcb96e34e0a,True
04fd0d88-c1b7-4ec0-9e37-6cab3960a652,True
81842b87-492e-436a-a84d-ddf2792d0100,False
c2e87c05-14e3-4b33-8aa4-fdfaa059379e,True
312063b8-ada9-4250-a4af-555ea73b19bb,False
8f4ac735-fed0-4322-8920-90e2ec017450,True
62933ad9-4e10-45c7-95cb-2e24dd8c3480,True
56553432-742f-47cb-a1f1-2a0f4dfce400,True
feb11413-153d-4616-bb2f-06c39e2a916c,True
ee688e6f-d0df-4d44-b9e2-8aeb2664f0a5,True
376b6c34-d0d6-42f6-860a-1e044ac08905,True
4e514d5d-9353-4bc7-bb55-e98177cd1357,True
fbfdc23a-c3ee-4665-868c-5467c1eca2f2,True
ba7fd64b-29bb-4028-afab-2be460fa016f,True
4d1b83ab-f31a-4b9c-97f5-37a84aa29e2d,True
6882b32c-11b2-4073-8780-4be8eeae8c44,True
e1248e60-894e-4dd1-889b-e332feb68433,True
cc4f4756-827e-454e-bf68-8ef9b44ede4e,True
631f3357-fdd3-425b-b31f-3a0cd5d7d276,True
befe4d09-c0ee-4ebf-9581-6efb3befe4cc,True
b65ce534-d0d5-4e1a-b44f-aa636e970265,True
5a87fe49-29dc-47a0-98c5-de8be7c22aee,True
f3bce7cf-8fb6-4bc9-b145-de7feb601421,True
522336dc-5e50-485f-abcc-4c677aa3019e,True
379d5513-58e6-4891-9c9a-fecb408dd005,True
7eff4f72-9144-46bf-aace-837898b2d2b7,True
b7c382b2-d8ce-4e54-9851-34df1106cb1d,True
3c8e8092-b0c4-432c-945f-1729ca310e76,True
0efb2d05-e7b8-4aa7-aec1-71b968d4b292,True
0e5c5ee2-34f4-418f-8a2f-26e2412b9bc3,True
31c8034e-07f5-4c7c-9b56-6a17d2fe1958,True
d502bcdf-15e4-4632-b12f-a55823ad84f6,False
f379631a-9fdf-4427-8732-384db303ffa6,True
6a7dafaa-93fc-4a3a-a9d0-59da0a61b309,True
3d3ce95a-cb31-43c4-b754-774bef95ed0a,True
f98f2a55-1da9-47f7-a2e8-a9d912654baf,True
73393f74-7ca8-424c-8a27-7caec43b33e3,True
5d6192a0-89c0-4a8e-88d6-9a4706808ba4,True
99ebbac4-a2fe-4ce2-98dd-356190d935ea,True
db556151-2e83-4ece-9287-5df2760c5fac,True
0bcc3527-834d-45e1-bf14-452c5b0a2af5,True
22251570-70f6-4242-a613-dd0696e41156,True
b3e35d7a-dabc-4409-b748-f80b752cb995,True
d3733914-ace6-48d3-a2c5-606c8ac56360,True
29b8c7e5-72bb-4e00-9760-e7cbc4b8f763,True
4287de53-ec67-4b46-9022-d87c5be30e73,True
0e6b1fe8-2ee6-4a79-bf67-9aef185f4e63,False
df8b5bc1-1504-4654-8fe4-59d24f611cc1,True
e0a23ff6-b925-4fd8-9233-028c97dcd121,True
27d85f36-5028-4825-9da9-b01c9af86389,True
f7e4220c-18ec-45cd-8b34-d6b0ae4cbca0,True
42fe79a5-9cba-4187-87d9-c9c36df03f62,True
8c7e7a76-4eca-4617-bb11-e6383a872620,True
d872dd42-680e-4987-8158-1e66d3f86e68,True
504a8a08-ef62-481f-91ec-940add94f895,True
0eee77be-c627-4142-adde-1314e391f446,True
ed64cf3b-7e38-4894-a050-b5bf7fb504c4,True
bca60434-2188-4979-be70-673421d7de42,False
36b98e26-a13c-4a34-9a86-5ecce9262b20,True
30ce9499-4a46-4026-889e-3dca11a21a6e,True
43d057c1-868b-4b49-91bb-ef82411a688f,True
1f7345e7-659e-468e-a21e-bb2ccb950d7e,True
04951ac2-a0da-462d-9215-b9057a475f8a,True
8b7136d6-6188-4eca-9b76-374eaae69ebd,True
595bc2ba-1099-41da-9ff4-6e9987ebcb4b,True
b4a3989e-7566-475e-bb79-83996b52c873,True
58433f8c-d6f7-48b8-996e-686ffaba8064,True
6f09daae-0882-4a65-90d6-d1520215cc8d,True
5f487c6a-14bf-4e3b-ac3b-729ae5752f36,True
a71a2fe9-e19f-4f19-bb54-7fa197c291a1,True
5f354202-7bba-4932-86b7-db76e82e52fa,True
a6f4d5ac-21ba-4c69-ba52-97e3f86f526d,True
bb9d86eb-5ee9-4d8f-a229-08ebaf99771f,True
78fb5dc5-2e66-429c-a352-db6d4a1173c4,False
d86d9ad0-5a4a-4ef2-a93d-315442ce6085,True
1c9a03a2-1062-482c-813a-192a62b091d9,True
53a2b06b-dddc-42a0-88f2-8ac2bb2118a0,True
620d221d-2f01-4a4c-aa17-10df130ab2c1,True
b11b228a-6a71-4094-b015-e9d0a95ccf48,True
c369965b-59a4-42ef-bba4-7efd2fafa76b,True
6b2c3084-973a-42f8-a31c-66ef206bb686,True
1aee20e1-b613-4e97-9aee-7018357cef31,True
0e82114d-84ce-4eba-9524-ed8367d1399c,False
96095646-299c-4ba5-922e-6276fae38cca,True
7d5f056c-c52f-4f7e-ae97-d329da495d4f,False
6bf4e1a7-a0f9-48f7-b506-221f945dd230,False
64e2f9bd-4b12-4f67-85bf-faaf9c73ac26,True
93466c0a-4a34-47e8-a397-674bc5161575,True
c2570003-e3c9-4df9-8e6c-3061451fb9b9,True
0c5bcd44-9425-4e44-a893-d66270f6218d,True
ab498982-a182-43cc-8c61-8cfc8330d8cf,False
70918e82-aebe-4bc2-8a74-650514d56f14,True
2805ece1-8a0a-4e70-bdbd-c891ffdc3c0a,True
d524ba87-78c3-4272-852f-69ce4a2033dd,False
3c791fbf-1ba9-4279-921c-6a6e5bf34848,False
9d1342c2-8892-4679-a513-82250a12cc03,True
4d1da945-52b0-48d0-bd89-b454471d5e19,True
136e6805-0378-4677-8448-d40068cea155,True
3fac9c0c-80d7-4f80-a908-a2be8f40e061,True
5009eaf2-7c15-489b-8d7d-7eb8d61bbe11,True
e60b86a8-5834-4481-86ec-b78b1a82ad8b,True
64e0d106-f87d-47d6-af83-cf9a4ffa08c9,True
bab46fc4-cbe0-4550-b06e-3a27db2077eb,False
6012dc76-4a02-40ac-8971-01af13c3509a,True
835d2222-ced7-4282-9c95-a4f6655c8326,True
9fdae5de-a6be-4b10-99fe-fd206bad18d4,True
1b67cf5d-9de0-4d74-8696-5d0026acce81,True
335e0e14-2b3e-4485-82b1-83b0845731e2,True
e60f8f0f-a863-4613-a047-f64af359e268,True
c00038b1-c689-4c60-a4d6-e33892e837cc,False
8d074ded-8eeb-4d98-9eab-a88b3fb9d640,False
9fe3998e-4ecd-4b19-ab79-73ab198b7341,True
5ed5d530-ccb0-4d90-a2e3-e0e95a16a1bc,True
33d42168-9b5a-4fa8-95ff-cf7310b53cea,True
11170deb-127a-417f-a59a-a93b023b4487,True
688d61eb-14a8-474f-9c6a-f744e8c40a4a,True
918f1bbe-f938-4503-a06f-8efc6f95394d,True
d89ec1c6-d2be-4cc3-b79d-dff4e23bdc06,True
671d1c8f-64b7-44a4-8e73-b8e57c07f20b,False
3dc7fef3-40fb-437d-8d17-b501c6338a53,True
3dd42590-1255-479d-977d-1d8e946914d8,True
e2c4a4ee-821c-48ab-a0d8-465015774b39,True
00e2efd4-fd65-4763-b1d8-85d549eb1031,True
c1a6ea84-9290-41d4-94ea-bef23a19db0a,True
ae528c17-ce48-4675-bea1-cb26f47bb476,False
eba266be-6a48-4b8a-9190-58fc790061d1,True
2f495645-a336-4cd5-b9da-f1ac82f6c148,True
0d394388-c84c-4dd6-8565-ac2abc115e24,True
5b278561-c502-4d05-9bb0-4fb14ef9a257,True
cf7e84de-dfaf-404c-850b-3c12e0cf3ed0,True
934acaf1-e1d7-46ad-8cd5-f877b1ad8efc,True
a620345f-3e96-435d-9d23-7b06ab5b74ad,True
762257c7-58ac-41f4-9389-c7af7d8dcdf6,True
9577f32d-1c92-4b68-8101-58598884d889,True
1345f5ea-e5d2-4313-8d7e-0aa7fee465ba,True
16b84419-5b96-4cbc-8b2a-783370262338,False
509ecae1-92ac-40b0-9832-d4f6736ca7ef,True
77b5574d-aa88-428d-aa6f-22640c549425,True
078856d1-b1b6-4b50-ab8f-94ea25bab576,True
0215029c-839a-4d80-b3f0-de707b7c20c2,True
473ff263-504a-493b-8b97-b1112cf7a73a,True
f0416bb4-0d1e-4da8-8737-74cc5c0c1b3c,True
34cf0a4b-972e-4e7f-9427-f48ed8d89fa5,True
c032c0d3-5e4e-4991-8f04-53842a34f549,True
a6e92f1b-c58c-4cf1-82bf-212f49d26385,True
d2f52865-2512-4339-bf99-c1cc295aeb9b,True
34587a77-4ba2-49eb-810f-d51ce5b8c2ca,True
93dc716d-9869-4a60-bf67-e15ac5cb6394,False
2b7b5555-902b-42eb-9abc-0cc00b5a2a54,True
64a0b036-7733-44a3-a8d6-6c8d7e3c1f90,True
c935f3b3-3837-41e2-8397-e0b25d40cdfe,True
801164bb-e813-4d01-a2bd-4593bf463cb1,True
9ae70d5a-2fa2-4001-ba02-fab15955a3db,True
b2a0f0d4-994f-4435-a3c9-4061bf7ae8c5,True
42f94cd4-7883-4c5f-9445-29859ffff892,True
cbe66c45-46d5-4f0f-a690-dd3758eee06d,True
a94728be-9c55-411e-84b0-4b0091c8e2d2,True
5e7bf804-c063-4c43-8877-17bede445371,True
6d7a4b9c-1ea8-4373-b386-4c6f04019979,True
ecb6772e-9f46-4b72-8a4b-7847025b7981,True
ba9832c6-7aef-4ba8-9659-490c9cc53f4c,True
b9baaca9-0fe8-44c2-8767-5872da885145,True
9de436c9-82d3-44bd-a684-7750c82ce8ce,True
76e554bb-6e36-41d1-b379-01c4c3e155aa,True
8599031e-485e-4983-b042-044d334e7ac5,True
20ab5259-648e-468a-9d3d-2ab5ce154eab,True
0e570f20-353b-4180-a751-f1e152629122,True
6d808d39-e07e-4d92-8688-37016961dd24,True
02b02d41-6008-4746-abff-9329aadd034f,True
4800f379-8f41-4c0f-98ce-8479ae312457,True
ce485603-7081-4844-a8ea-76c81cf70751,True
cda6e36b-fb08-4774-8c5b-7ed6224e435c,True
c26ccfc3-ef0f-40c5-b65e-c1e8b2eaf9d3,True
b11f4f18-944d-489e-8e6f-8d7da4239b86,True
e7d9924e-1530-4e3b-be78-f654ed995db0,True
40526ecf-4538-41eb-98b6-ff81852a934f,True
b929232b-0c17-4f90-bab0-c24c82145981,True
26cb7802-18df-428b-8429-c4bae7a7be5e,True
e7780f81-82e2-46dc-885b-de54453804e0,False
28f5042f-644d-4761-ab72-494571bea396,True
d6113da8-3588-4fcb-a332-9d571d29cd14,False
ed092fa3-c993-4b10-897e-c3e49b694115,True
8073495b-4210-40ce-bc3d-a5d1f0bff79f,True
03e13e25-9e09-4ad5-b5cb-3b81c40fed95,True
ca593506-63e3-4d5b-8e24-8d2bcd969bab,True
d250a870-785c-41a7-a4cc-d301ed24d4ef,False
9e558dda-0f7c-48a7-998e-8912ab42cba3,True
1b725fbc-75d1-4568-81eb-69ca26b23c36,True
f9c926ed-dae5-40ce-800e-41da3cee8652,True
0c8ee9f9-d413-4013-8578-a5d23545943c,False
6c47fc37-4219-4a2b-93a2-1006714c616c,True
fc348bdf-eb5a-4954-8741-09aa58f60855,True
40678318-e7ac-4122-94a4-a3b3df91ff4a,True
8086f0f3-98f2-40e3-990e-2f414cfb7194,True
e5749582-94ef-4f53-b12b-c1acf16d2ee6,True
b2031ec6-295a-42aa-abe2-650cff66cf0a,True
29beaa49-1970-4a84-a011-d89166951901,False
dc747d04-b4d5-40a5-b891-0283d62e3004,False
ea66e2dc-4973-4cb8-a15e-b4f6131a1ab5,False
8d299ebc-bf38-42a7-a12f-588f827cd12e,True
0c6918c3-3ed9-47d2-a218-7a840cd673e1,True
880e9909-f94c-4d0a-bc90-6a43e5869f92,True
0b669fa1-8aff-4c3a-9609-16446d3290f2,True
ae7eea4f-128e-4f3b-a8f0-e1bd5dcfc019,True
f3b83f56-b57d-4421-a4ad-0d62d02f6e1c,True
93a44072-0f67-4d7c-b2b5-8d79702c93cc,True
5960b254-d485-4b95-aff2-9f1af1f3da2a,False
40f4413b-3d28-4b36-912f-349b219e1c86,True
bd919699-ebfb-49f8-9d91-cf52155be7f3,True
4fd43013-bd42-4b68-bac7-b19b182fc5b5,True
57b91fd7-cd34-4270-80d6-a8f485249de5,True
3af07995-7d9f-471b-9a14-50e956d82f25,True
53a5dc3c-f020-4dea-952a-07818f426171,True
43ec2d15-3202-45d6-b620-76f12f927dc1,True
3aa3e4e1-968a-4f5d-bf50-1e9e22b12073,True
59081152-8305-4fc0-aa8d-451e6ac8d0b1,True
cdb002af-84c9-464c-b489-cc62f4c8d3d1,True
3b91f904-bdd0-403d-99cc-634ceb9d31bb,True
3b91cbf6-fead-4d66-9bab-dff4d318534c,True
e09c3660-db9a-4c23-ae4c-69a89424a508,True
0c116745-7e59-453a-93a9-18828a8c7be1,True
92962cab-d794-4303-a04e-0f1d9fedbb5a,True
61472a1b-8e8a-4c3b-b791-71009effcf46,True
fc6f8a65-cdf2-4d18-9261-08893569c73c,True
33fed0af-2e65-448c-bdf0-aa339b6e8f6f,True
f4218f58-d3bf-4c9a-846c-2258579ef06c,True
14107941-944a-40be-b965-24de38097f25,True
93005dc9-0714-4671-938d-131f3a2097f2,True
f8bf638a-e33b-4c98-a22a-eb304e6a96c5,True
e7e69426-98b6-4ce3-b08a-b5407c9c3ab3,True
0eeaf1bb-7343-43a3-9a99-a3a3abb8960f,True
10cf1db5-f471-43cf-beb5-466e0d3e94f0,True
3151f73e-2ece-4cf4-a90b-f8843b490226,True
095214f7-e4ae-473d-b853-40749b30057d,True
fd443b60-8ca7-47b5-ae17-16401e1e5101,True
30ec68ac-c63f-4d06-8652-6513bc96a204,False
3f2aad36-8da3-4649-a258-1806589d6807,True
90737791-4048-4ff9-aa7a-9969f722c753,True
df455242-8803-4b9e-b0ad-ef78eeeee419,True
b21d306f-baa0-48e8-b1a7-21574cb51b87,True
41d7a50c-038a-475c-8f68-cd0505f53b09,True
4d9c0c3a-33ea-42b1-89d6-4ae8e70a6f30,True
f1349d76-4186-42c9-9fba-cf8dcb8c7406,True
ffdecc75-25d8-4c2f-b72c-4f7c049c2433,True
307c6e11-4f48-414f-9ffa-af90188f5cd1,True
534e7646-6ef0-4116-ab87-f600a19d7c28,True
19afcdf7-5424-44b0-b581-04a43da49221,True
ebf4bdd4-cbc3-4edf-9c41-7054bdabf8d4,True
f326e20f-72fa-4a35-9b9d-9d972b56ea14,True
0f7a0129-a8f2-4fd2-89af-4f6fccd6aab6,False
ee83c09d-6d66-40b1-a994-a86a107e22c7,True
70f3bf1b-9fe1-4d54-9dc8-595391c85e76,True
81503cd0-729d-467e-a394-4ce7612809cd,True
96d4bd5b-93d4-4415-b6bc-e4a25e19f29b,True
a78c1131-420c-4f09-9869-3402bdfbf9bf,True
04d8d9dc-2bee-4ea4-8b58-4f888199eeab,True
070d503c-5513-43dc-a840-a8eb18c006a5,True
69714640-f9da-402d-af12-7ecc3f6b44bf,True
e2992966-a6bd-4e75-a181-d7c870b918cc,False
bccaef90-b9d4-4162-99bf-28dc71ce36e1,True
f07ed54e-6bd3-4b2a-87bc-e1bc4117a2e0,True
f52150cb-6917-43ea-983d-5f9ffd6f1d08,True
7658db7b-cfae-4ac0-b9a9-0f5a074e5824,True
c5a37f16-d949-4f8f-9424-5d966e3bd0a8,True
0a85ec65-0998-4ae7-8177-bb4e2da93104,True
9dcc655e-0fa0-43ac-9c7b-b2a252e2a0df,True
db0a7e97-17ac-4225-8514-771d1c8a1fa0,True
e5a15a31-e5c5-4176-9f6e-1d6fcc7ad8be,True
322e7913-3625-4cd7-8de4-0dce6b363e14,True
df0de5f3-cd39-47a8-9012-13ac3f0beab2,False
2f163cd1-1281-4549-9c05-b3b2ca33a079,True
da3d60e2-da13-4850-b216-347c8b7a9e67,True
a496c33d-9aa2-4d3a-808e-22267427d381,True
bfca2f66-3de8-415c-a1a7-d43f84004595,True
f4c9b0c1-d22e-4835-9205-700a9201cc62,True
7b207fad-4914-44d7-9f3c-55b16aa408dd,True
b458530e-77e2-40d6-a311-3686cc5cde63,True
46db5969-ad40-46a7-b5d3-ff4516286a28,True
ba115d1e-4585-4ee5-b5aa-519a754125ae,True
45b4105b-587d-4378-9b7f-132d6bc4477f,True
edb28261-f506-4817-9373-9818f11edb59,True
a425f9e1-2d18-4105-bbe8-9a7af098ee17,True
59fcf453-47ce-4af7-afdb-9ed90517529b,True
9b6dc94e-832c-4450-bae4-7b816ea318da,True
7da737bd-12a3-46df-8706-26a4d9e76b31,True
1cd64bd1-0617-4c2b-911b-a9403829479f,True
c6a6e07e-1106-48b6-9913-f3f92279a2ff,True
fff1789c-2261-4fc6-8650-d6d6d22d13f5,True
4f941089-6666-4b72-8ac1-1b5fe93be98e,True
5ddde00e-05d8-4d2d-96a0-e7fd85b77cf2,True
05e45ad8-ec8d-49b0-a72b-925178ddad7d,True
62c8dd9a-1a91-43f8-a038-e13e7dc5f64c,True
9af82a88-7eac-4f95-9de9-666eef4137cd,True
b62fe700-ef13-48c5-88a3-8ca7ed4e0466,True
a07b234e-3391-4cb5-8ac7-534672e50f4f,True
c6ebc725-c7dc-4b86-b316-168dba52c7ec,True
1c754fe3-03d8-49ba-872a-2eb5d04637e6,True
abe289a6-f28a-43c4-b214-e368f8cc4cad,True
307b845f-1190-4182-b568-b0897eb435c4,True
3b121d71-455b-4ed5-92b2-bd3b7cb1969a,True
c2156cc7-564f-4391-aeab-f3315e90b00c,True
7a0e7551-c020-44b1-b929-5be7ab918ddb,False
bd39911e-a930-4a92-aece-288844fc2de6,True
1f62f9cf-d8c3-442d-95e3-a6aee8c987a1,False
57b4b310-1a45-4504-bace-e706d855333e,True
89e6704d-64c7-43a6-baa4-8b3465a4fa7d,True
d85801a7-8048-4741-ad4b-01ed4c971f2c,True
bb94d275-55ff-438d-a82f-85a280d91df8,True
5b9203b8-8774-45b2-b0a8-ebad07b6ebcd,True
49929838-411f-45e7-ae2b-03234a593fe1,True
f0ad0769-70d7-4ac4-b9a6-7759da91dec4,False
f893a09e-7be1-44c9-ab51-aa25456da8fb,True
52a84d3b-10b5-44b3-ac1c-0608dd33a4cd,True
8c2f387f-7b06-4987-ad0d-e4761d770723,True
3780cdbc-d89d-439b-afff-932cceeaa14e,True
761844d6-989b-4cb2-9eb5-4b4c721104e0,True
25113fea-fdce-4768-8670-12d23a042726,True
6334c2a5-ddd3-4603-8fe5-99ba5478d3bc,True
66b80ec0-5f8e-4405-bcbe-c54d9c9bba8c,False
b2013a85-83af-4db7-8312-8d3df9bc3f9f,True
515eb0aa-8978-4e50-ac76-4ae4ef2f3f12,True
5d66b8ca-fc8b-4397-bbcd-117aa0b6de5c,True
05699456-802d-453c-b849-166d51c2ebed,True
80aa5933-4e8c-4d4e-bc64-1d4b4a031821,True
8222d359-0e4b-43c9-ba67-a71cded1ca25,True
0be37213-54ef-46fa-ab74-800c8a7cf62b,True
129bed9f-a775-431d-95bd-0e7882a47c3a,True
2eb3f3e3-15a2-459f-a836-6a345711bbb5,True
7ae312b6-f7ac-4810-881c-751a36329feb,True
65e10dc5-8aaf-4e04-b7db-80461d0064a1,True
646645c2-5630-46d9-85c0-87070a8bd3a3,True
3ff80f3c-d140-4378-b138-61cd3859c943,True
a6034cd0-9ecd-4d76-b5a0-83c0bdd9a38a,True
6ab06017-1f55-4fee-bb8f-d12e8b4b00ce,True
559cb0f7-92bb-4747-983b-8f1f50528936,True
35891d74-7b50-4565-ae61-6876b10eba7c,True
aec734b7-edd9-48ad-aba5-60ee6f2d05c4,True
cf0bb7e3-1ef5-47de-be23-35a69828ea1f,True
9edb63e2-0b36-414b-8990-ee010d04f3ac,True
20435092-4895-403c-939f-208e219d1bf3,True
a07ef877-ee76-49d6-aede-f1e9b2df8d3d,True
0f3a923e-f700-4fd6-b0f6-f410f9d052aa,True
cd53214f-a941-487b-9d1c-6f1e395c96a2,True
22092713-23c0-4aad-adb1-c8a97d150ac6,True
b596351c-2dad-446b-bd25-f70a36b81289,True
dc7b0508-e85d-4ffd-89ce-840d1eb74b6d,True
3da2d96f-b1ba-49da-96b9-ccdd4afa3f4d,True
d87a9179-68b1-4122-aef0-3e997e64f43c,False
52d3f139-5ced-45a4-9c5c-a9d3c372f74f,True
00feed3c-0ec0-4646-b4e3-a380d86c9594,True
895c2b06-29ab-45b7-8006-a43bebc91aa0,True
9d0efa4c-e038-46e9-861c-ebef2f54c654,True
1304898d-ca17-4b38-bd23-2df1a2a0b5e0,True
a9df56ab-4aa9-40f7-ac3c-2825fdc07030,True
c35a10bf-f458-4565-a66c-602707f4d9a8,True
4b3c3238-0de6-413d-8e23-a2abf260ccd9,True
b324416f-c8fd-4b68-a42c-8b2871869560,True
3efe61d8-a69f-407d-951c-f26d7c3b8078,False
b5b20e26-1915-45ca-a41d-4c0f2ed3d2a3,True
2eebcd72-4fc3-4e33-b9d5-1381700c1697,True
3c767352-a2d9-447e-a38c-85a4021d2617,False
795ef605-c123-49ca-b025-04249084b08d,True
e4642cf2-a479-43a9-bbba-0bb718b2fffe,True
822929a3-1ad4-4124-a534-04e39b5d0701,True
5e68347e-f1a7-4b02-83fe-f1e1d73a2290,True
4c5560e6-b8bd-49ee-b404-e3ea347f3deb,True
736de2d6-5355-48d5-a58e-7d990f7cff43,True
25871fb9-7a33-4a15-98d8-cba2575172a0,True
493eea0f-67d9-44ab-85c8-0ae1d81dbca4,True
78806c60-12fe-463a-be7f-f9836da6a3c6,True
b4f03f7b-933b-4bdd-9eac-bf2e14a02042,True
1360d84c-5f6b-4e78-b621-97511411840f,False
387590c4-d85b-4bc3-acbd-1e489f064f95,True
8909284d-bbd6-4a9d-ad69-3e3ad1fc2842,False
418abbfc-15c3-460d-bc8d-2b513f598a21,True
fb8233ec-4cd1-4234-9c93-94a4c2ad5af8,True
572b27f6-83c6-4d4c-a383-22c8d96d7c1a,True
629c80ed-650b-4b9a-b94a-a5d877099804,True
599edd61-09cc-470d-bad5-4b566d771c7a,True
4df4a3df-09a4-4b52-978c-4235b39b225e,False
7e7a1871-2e24-4d25-ae3c-c2ababc503e3,True
a75eb5f8-aeda-43bf-b35c-2738ff1ca372,True
d11833e0-dbc1-4b53-ab72-d7086f016fbd,True
cd637e2d-d0d2-44e6-9594-9f0e7e9cbe06,True
c3844732-68ad-473e-ab67-f85a4ebea7e1,True
ca247e89-63bf-4ed3-9756-8bc47d6dc5be,True
99d535d3-224f-4883-8bdc-ac5bcd4dee06,True
a5692523-6d69-4b8c-8302-4a06291c0a92,True
caeb68b8-72bc-452f-baf3-27f9c5749693,True
2c0dec39-ab7a-4016-a2c4-c1365abaae7a,True
bf875547-3858-4af1-8da6-01948f2d4723,True
cb33ecff-0153-4d22-8429-1088862b6152,True
7db0c819-9ad8-4872-84ff-fe4eb226cf41,True
895f116d-98ec-46d5-ab17-561514ad2652,True
9961cbf1-cdfd-4167-99b5-561c91b84a8c,True
3b50faa2-4d14-4c76-a228-a2ce86ffec81,True
32b5bf4b-20cb-4631-a6f3-2f8919c0f0ee,True
9d459ce6-fe67-49a1-a50a-58532339c395,True
8f833086-7579-4e3c-b004-0c50780bfde8,True
74687b27-eb68-42d5-a99d-1afa3ab2bae5,True
0f1ea4a8-5b5f-4419-a988-5432d1e287f1,True
e11757a1-72b9-4cff-8f3f-15cbc8b098ac,True
c6d1a8d3-fe28-477c-8694-a0a0442f3f97,True
3f075b08-096d-4835-adaf-955a52e778d7,False
0215c389-c275-4b3c-927b-75c0a1b08d7d,True
f7618fd6-44ef-4a6e-95b1-0b5d87a7ed15,True
503ced46-96eb-42f6-a8b5-9fc20121f614,True
1eb67a86-16ed-4d60-9081-237a85d70b21,True
9e2289e4-294d-43f3-8bd5-a2dd911c3687,True
b32eef5a-e778-4cc5-9380-bd2de88b3574,True
25c4ccff-7ed7-4186-8979-f57b05fe3418,True
d102b929-bad1-4969-9f45-a8cef8b2e391,True
54287fa0-4736-4dbc-99d2-3cbb94a5723a,False
157b7a09-0f94-4e93-8653-c613af1ec68f,True
1eb4a4d2-7965-4892-a65b-e9f7466e3f64,True
00d0ef05-1632-4852-adf5-d06155e1d15e,True
b1b761d3-17f5-4bbf-bccb-0275c5a530e0,True
5cff6bdb-2a3a-4684-8ddf-29f5cf3336ff,True
6dcd8908-aea9-4bea-9bce-cac7efd957b2,True
806c3a1f-9e90-451c-99a4-812b02adc1ee,True
c854d66c-dd4e-43fb-9171-88e0c1c7faf4,True
2fa637f6-1de1-4e06-a747-d905216be1a2,False
fc08a382-f9d3-4d15-bd23-cd8757958c9a,True
07fbdb03-9f05-45eb-b12b-e3841b93ac7d,True
52bbcb2e-c7d3-4da3-aeb2-ab644e50574a,True
3140cc58-cc91-4def-909f-0a5a9a541b38,True
29e55605-c36c-4318-8ffb-e9d3b173dec8,True
ac9409d8-81f0-44d1-a2d7-2f6fd760b3a1,True
6d177a1f-b089-414a-8d7b-8bc8575d836f,True
74e745a2-51f8-4f74-b10d-27d300be4fc9,True
8c8c30b7-404a-4afe-b38a-40d0487090bf,True
9bdf0f05-4305-4cc2-ac1d-5c753b5b796d,True
eb14d9a9-cc32-447e-bd95-787605f17431,True
975cc82c-f3d2-436e-933e-7c86f6068109,True
a543f1f4-a39e-467d-8dfe-b2bd162dd53b,True
0c6502fc-9c57-4046-a39c-54f5c1ce4320,True
bbadec66-3fd0-4eb4-b229-f534c1156d05,True
99cefc00-f210-4f62-ac74-460507340d6e,True
34622e81-72f4-471a-808b-e8062e2cb446,True
e748e223-009e-4e31-b60d-2f9d910051c6,True
99c68440-5997-4ffd-8a29-23d77af6f9f8,True
88bd5c9f-52ff-41ad-bccc-011e475d5068,True
a171feec-b30a-4dfd-8e6e-2b6febc14260,True
bc2e4db1-b315-4a39-86c5-7071b77ff9ff,True
1066fd82-ce63-48dc-bf06-0ec07b6c2270,True
03946454-5a15-4782-b12d-52ff971c5b29,True
1c8b9201-7c41-4b60-8b78-68410dcfe89b,True
b957fe9d-3247-423b-a71a-84224facedbd,True
3444adfc-0440-4698-acec-ac0f8590596a,True
1c4ce0c9-75f6-4fc6-ab3a-77a32e268b50,True
c5b2530b-9238-48b9-9361-ae882ff906a2,False
6060d956-a95d-4d8f-9aa0-ad826c8f2439,True
56640cdc-b00b-4041-a74f-4996104e8aa8,True
80222f22-a624-4be2-9f41-6a63d54bac99,True
0f4c6f80-30d4-482f-9b3c-6a185cd8326b,True
1f8e9433-ebb4-42c6-88ff-3926f5cdcb4e,True
5e337d7a-6909-474c-8dea-51cf6377abda,True
e40174b7-e0c7-4091-aa59-2fb03c479af6,True
663622f3-076c-44bc-aa4e-7aa414736aa4,False
cf41be12-c297-471c-a638-0074d874e4a3,True
65452471-35b1-4bc9-987a-c4750ca48da5,True
1973e6c6-163d-47a9-a4e6-2f4c061a73ad,True
9975b7f8-9628-4ed5-bacb-a656756fd5ed,True
413e3a7e-b6d8-46b1-b41f-8e0125b91e1e,True
73ccf23c-a027-46f7-ac58-58e0188139ae,True
955c787e-dc02-4c1c-b135-137a03a8fe5f,True
6e1df009-87c4-44fa-a90f-d1dc13fdeb69,True
c007bd2e-09db-4d47-81fa-cb727ec73559,True
2aeed607-8964-4b00-9bdc-6defadb01a3f,False
1a0c11f2-cb3d-4d02-b1dd-8c35433c9e20,True
5e3a881a-7836-480d-8b59-2980756f0ce5,False
d2bd09d7-07f8-4131-9c71-51bcd5e55423,True
43569310-b7be-4421-8edc-5e04a0c671e1,True
22a7eff7-b5be-4d93-9f00-47f3ea063af0,True
6378c0b1-9a85-449f-91b2-927ab1ee1c59,True
c551329d-5037-4a6a-af99-7747eeb011c5,False
830b53bf-1768-4531-97b3-bc3012ad2829,True
cc5f9ede-e83d-4f88-9317-099565758f75,True
f6570c28-eb2c-434c-91c4-bc42a3cbabd2,True
23fc59da-abe3-4989-b098-18ef973473ff,True
7f880a3a-b560-4273-a562-9fa60db48238,True
978690bd-98fe-4d7e-8ec2-d6f07836e88d,True
3d544deb-3b76-4b30-ab7a-b0530133e12b,False
1f96dd56-7936-4c00-8510-4e99856b813b,True
c06043a8-6b0a-4fb1-9e0a-30e74105c000,True
c0037d80-2b08-4c52-b241-b534d1f5341f,True
fc0430e4-3471-4b41-b162-d970d94528e6,True
e1e6e73c-3824-40e1-bf91-ab48c3cf5789,True
154d3590-8584-4aef-b529-15f8cba31b81,True
c061ee00-0141-4eb2-a7cd-b0ba9e21d133,True
143b5b3d-78c4-45e4-a977-943d5e9b31a9,True
bfdf5005-478a-4cec-83c1-b9953f5a29da,True
6566ec82-d9e7-4c7c-8108-7e6f4fb04a6c,True
0991c31e-ca5f-46c2-9c53-f70a2b145536,True
955c31c8-fb88-42b7-abc3-3e0aa8a32ecf,True
64f002a3-a0e9-4a6d-b80b-bff14794832e,True
aa771b3e-3378-4395-ab93-543d1f0808b4,False
3489a691-fd9a-47cb-b321-c4b87e4bee21,True
d19c1a19-d7aa-4318-b116-0609f766a037,True
e7a0e0fc-4766-4b00-bae6-bce436ae4620,True
613e9114-4de9-4616-b272-96246b5d609e,True
c9b70fe6-68b0-4375-8408-aaf0e30dfc66,True
50341e73-e822-4281-8e0e-7120a69f2db2,False
af3248a6-550b-45a4-a4f5-77d53f094734,True
4d9a49f3-72c4-4b80-a68b-7449273267e3,True
133eff5d-2141-42ac-b193-63d124711b47,False
c0a8238b-f0dd-4f93-a3fc-4aca0d0e90e5,True
fbc3899b-301d-45ff-9dee-37a3f4ab02c7,True
6abf5936-cff2-41a8-9378-ed645a968a4b,True
7e07c18c-fc88-4d44-98d3-844656602e07,False
c506c1cc-d379-4747-a08b-a49ce67f982a,True
dc5afcb2-7c0a-4d39-b9f8-e0e16c457c86,True
de96ab1f-e896-499d-8d07-2b2b1d48eece,True
41ed20b0-6e19-4e0e-a4ca-abc2333a8dec,True
2d914a98-c769-4cd7-99a7-b05977c3218d,True
67383ca3-47ce-4fd0-9a51-2a04bbff7ca6,True
2662d445-6d79-4412-bf85-97deb6b770cb,True
26116786-dcb9-4c1e-ae1e-7e609fbcc89e,True
61a57fca-bf93-482d-8a17-072e9a71763b,True
064565d6-4933-4c7d-8d9c-2eeccd3204f3,True
efb2734a-d53c-4aed-adc6-4a10b8d524a8,True
8192fd46-1bd9-4be7-8299-82efb8082224,True
7db2fff3-21a2-4ad8-bdf9-9ad8943d24e9,True
789b047e-6d98-4182-9775-c8b1dd2929d2,True
46c0b970-828a-437f-bed2-008a7fd00bf2,False
973aaa07-9923-486d-af73-05b74c6ad680,True
1828e2b0-2738-40aa-8d99-d4baac3e1d01,True
